{
	"nom": "agent_9_-_5_entrees_sans_filtre_pmc_tous",
	"typeModele": "pmc",
	"tailleEntree": 5,
	"nombreClasses": 3,
	"tauxApprentissage": 0.01,
	"epochsEntraines": 6000,
	"datasetsUtilises": ["pong_data_test_1.csv", "pong_data_test_2.csv", "pong_data_test_3.csv", "pong_data_test_4.csv", "pong_data_test_5.csv", "pong_data_test_6.csv"],
	"architecture": [5, 10, 10, 3],
	"poidsPMC": [
		[
			[]
		],
		[
			[0, -1.28881, 0.052323, -0.534305, 0.7749, 0.156215, -0.0341178, -0.120971, 0.523535, 0.896198, 0.366824],
			[0, -0.596797, 0.723621, 0.503046, -0.0609573, -0.397826, -0.907776, -1.02904, -0.214189, -0.789428, -0.735213],
			[0, 0.877116, -0.145739, -0.983312, -0.670711, -0.88783, -0.404714, 0.35291, -0.127297, -0.0753099, 0.185709],
			[0, -0.429248, 0.24474, -0.00705584, -0.575389, -1.08967, 0.0667461, 0.76821, 1.25687, -0.106557, -0.462532],
			[0, 0.676392, 0.379526, 0.630675, 1.08213, 0.10193, -0.823561, 0.309508, -0.599517, 0.475589, -0.607666],
			[0, 0.499715, 0.693508, 0.964056, 1.00441, 0.354052, -0.148253, -0.441542, -0.386932, 0.573317, -0.859064]
		],
		[
			[0, -0.178724, -0.710215, 0.217394, -0.724537, -1.14375, 0.890802, -0.435883, -0.337411, 0.174889, 0.503594],
			[0, 0.638292, 0.302033, -0.139693, -0.159475, 0.389189, -0.146346, -0.089333, 0.960195, 0.43041, -0.752808],
			[0, 0.187062, -0.256156, 0.422065, 0.0811238, 0.0482445, -0.374717, -0.613387, -0.573816, -0.143499, 0.598663],
			[0, -0.0143447, 0.882097, 0.67999, -0.435796, -0.546379, 0.337623, 0.00489333, -0.915476, 0.367721, -0.0343078],
			[0, -0.721235, 0.974833, -0.821949, 0.880279, 0.251747, -0.397039, -0.0729088, -0.835468, 0.908883, 0.41493],
			[0, -0.744543, 0.851977, 0.754712, 0.282685, -0.532275, -0.451222, 0.558621, -0.00358837, -0.865295, 0.0694409],
			[0, 0.490809, -0.110173, -0.23496, -0.100381, 0.589008, 0.596683, 0.416604, -0.143251, -0.725844, -0.327773],
			[0, 0.728875, -1.022, -0.0236884, 0.235917, -0.151826, -0.930987, 1.01134, 0.800273, 0.32381, -0.384965],
			[0, -0.0077058, -0.225313, 0.820404, -0.617537, 0.00300269, -0.402914, 0.998755, -0.529353, 0.633082, 0.07616],
			[0, -0.553659, 0.587115, 0.484314, 0.089877, -0.219623, 0.710883, -0.866489, 1.06097, 0.136295, -0.812198],
			[0, 0.0744232, -0.525334, 0.621971, 0.442085, 0.274142, -0.526928, 0.636586, -0.704209, -0.788824, 0.5411]
		],
		[
			[0, -0.484782, 0.69566, -0.388029],
			[0, -0.17831, -0.652155, 0.442493],
			[0, 0.792817, -0.0613591, 0.260654],
			[0, 0.445474, -0.608866, -0.831807],
			[0, -0.825247, -0.81177, 0.687774],
			[0, 0.719134, -0.413877, -0.708721],
			[0, 0.084449, -1.08825, -0.70005],
			[0, 0.129539, 0.451317, -0.18922],
			[0, 0.00997796, -0.848644, 0.201675],
			[0, -0.908955, 0.478203, -0.192298],
			[0, -0.0876734, -0.56515, -0.00241778]
		]
	]
}
