{
	"nom": "agent_par_defaut",
	"tailleEntree": 5,
	"nombreClasses": 3,
	"tauxApprentissage": 0.01,
	"epochsEntraines": 6000,
	"datasetsUtilises": ["pong_data_test_1.csv", "pong_data_test_2.csv", "pong_data_test_3.csv", "pong_data_test_4.csv", "pong_data_test_5.csv", "pong_data_test_6.csv"],
	"poids": [
		[-0.00879281, -0.0985341, -0.0182338, -0.0190199, 0.144118],
		[0.010568, -0.0120714, 0.00817347, -0.00812635, -0.00747582],
		[-0.0107871, 0.0876027, 0.00052795, 0.014273, -0.0976165]
	],
	"biais": [-0.0307193, -0.00298402, -0.0212115]
}
	