{
	"nom": "agent",
	"tailleEntree": 5,
	"nombreClasses": 3,
	"tauxApprentissage": 0.01,
	"epochsEntraines": 2000,
	"datasetsUtilises": ["pong_data_test_1.csv", "pong_data_test_2.csv"],
	"poids": [
		[0.00204834, -0.101064, 0.00762481, -0.0169044, 0.0778207],
		[0.00946522, -0.0121889, 0.00276149, -0.000744384, 0.0100249],
		[0.00211164, 0.0968904, -0.0159548, 0.00693159, -0.0761792]
	],
	"biais": [0.0127127, -0.0121007, -0.0155329]
}
