{
	"nom": "agent_10_-_5_entrees_sans_filtre_pmc_2_datasets",
	"typeModele": "pmc",
	"tailleEntree": 5,
	"nombreClasses": 3,
	"tauxApprentissage": 0.01,
	"epochsEntraines": 2000,
	"datasetsUtilises": ["pong_data_test_1.csv", "pong_data_test_2.csv"],
	"architecture": [5, 10, 10, 3],
	"poidsPMC": [
		[
			[]
		],
		[
			[0, -1.3212, 0.137266, -0.592953, 0.735644, 0.148271, -0.0911003, -0.267257, 0.584132, 0.78775, 0.402755],
			[0, -0.581145, 0.696742, 0.456212, 0.00109906, -0.402602, -0.99358, -0.855228, -0.195307, -0.76355, -0.731209],
			[0, 0.872325, -0.0862444, -0.83282, -0.85515, -0.911378, -0.302558, 0.218982, 0.0773066, 0.058331, 0.250666],
			[0, -0.444379, 0.174938, 0.0464736, -0.335119, -0.941811, 0.0578673, 0.708131, 0.944831, -0.0821457, -0.488675],
			[0, 0.668273, 0.443827, 0.829963, 0.960603, 0.122267, -0.770322, 0.0971199, -0.505367, 0.559099, -0.542918],
			[0, 0.493683, 0.717108, 0.927436, 1.00471, 0.30634, -0.160117, -0.428383, -0.48706, 0.632005, -0.874043]
		],
		[
			[0, -0.255251, -0.804762, 0.320527, -0.76232, -1.07881, 0.889084, -0.458862, -0.453852, 0.284169, 0.446928],
			[0, 0.689925, 0.36433, -0.0552961, -0.313849, 0.444936, -0.0899129, -0.0759289, 0.945025, 0.382932, -0.752939],
			[0, 0.191756, -0.234475, 0.400036, 0.194248, 0.0563958, -0.381704, -0.640671, -0.566121, -0.122706, 0.598618],
			[0, 0.0368343, 0.955534, 0.515245, -0.320735, -0.616947, 0.273728, 0.00423974, -0.858967, 0.323957, -0.00577559],
			[0, -0.720822, 0.899462, -0.733481, 0.927821, 0.345778, -0.361217, -0.141848, -0.861948, 0.938394, 0.412381],
			[0, -0.696886, 0.76583, 0.73448, 0.329547, -0.494007, -0.46869, 0.539865, 0.00417328, -0.816937, 0.0815306],
			[0, 0.466504, -0.145473, -0.35163, -0.014648, 0.478287, 0.594769, 0.418757, -0.0698079, -0.778426, -0.301854],
			[0, 0.671861, -0.93969, 0.0301991, 0.153726, -0.165364, -0.864387, 0.974184, 0.798259, 0.191771, -0.384437],
			[0, -0.0678161, -0.228451, 0.695836, -0.547989, -0.109258, -0.446306, 0.992428, -0.465086, 0.594141, 0.0914226],
			[0, -0.610748, 0.501473, 0.619708, 0.0335514, -0.127929, 0.770512, -0.918713, 0.981903, 0.185251, -0.847313],
			[0, 0.0576459, -0.598493, 0.713008, 0.349768, 0.325156, -0.502917, 0.635053, -0.74239, -0.747565, 0.527698]
		],
		[
			[0, -0.458627, 0.845411, -0.435725],
			[0, -0.261652, -0.686565, 0.460659],
			[0, 0.637842, 0.138763, 0.364496],
			[0, 0.428446, -0.542382, -0.716104],
			[0, -0.818427, -0.907927, 0.589262],
			[0, 0.711498, -0.529659, -0.73689],
			[0, 0.0597131, -1.01151, -0.677642],
			[0, 0.0751537, 0.490176, 0.0336521],
			[0, 0.0630614, -0.842392, -0.0725135],
			[0, -0.832087, 0.517708, -0.249511],
			[0, -0.0884347, -0.514197, 0.0967993]
		]
	]
}
